{
  "ie": {
    "6": 0,
    "7": 0,
    "8": 0,
    "9": 0,
    "10": 0,
    "11": 0,
    "5.5": 0
  },
  "edge": {
    "12": 0,
    "13": 0.052896059243586355,
    "14": 0,
    "15": 0,
    "16": 0,
    "17": 0.21158423697434542,
    "18": 0.6876487701666225,
    "79": 0,
    "80": 0
  },
  "firefox": {
    "2": 0,
    "3": 0,
    "4": 0,
    "5": 0,
    "6": 0,
    "7": 0,
    "8": 0,
    "9": 0,
    "10": 0,
    "11": 0,
    "12": 0,
    "13": 0,
    "14": 0,
    "15": 0,
    "16": 0,
    "17": 0,
    "18": 0,
    "19": 0,
    "20": 0,
    "21": 0,
    "22": 0,
    "23": 0,
    "24": 0,
    "25": 0,
    "26": 0,
    "27": 0,
    "28": 0,
    "29": 0,
    "30": 0,
    "31": 0,
    "32": 0,
    "33": 0,
    "34": 0,
    "35": 0,
    "36": 0,
    "37": 0,
    "38": 0,
    "39": 0,
    "40": 0,
    "41": 0,
    "42": 0,
    "43": 0,
    "44": 0,
    "45": 0.026448029621793177,
    "46": 0,
    "47": 0,
    "48": 0,
    "49": 0,
    "50": 0,
    "51": 0,
    "52": 0.18513620735255223,
    "53": 0,
    "54": 0,
    "55": 0,
    "56": 0.026448029621793177,
    "57": 0,
    "58": 0,
    "59": 0,
    "60": 0.5554086220576567,
    "61": 0,
    "62": 0.052896059243586355,
    "63": 0,
    "64": 0,
    "65": 0.026448029621793177,
    "66": 0.10579211848717271,
    "67": 0.026448029621793177,
    "68": 1.0050251256281406,
    "69": 0,
    "70": 0.13224014810896587,
    "71": 4.205236709865115,
    "72": 9.415498545358371,
    "73": 0.5554086220576567,
    "74": 0.026448029621793177,
    "75": 0,
    "76": 0,
    "77": 0,
    "3.5": 0,
    "3.6": 0
  },
  "chrome": {
    "4": 0,
    "5": 0,
    "6": 0,
    "7": 0,
    "8": 0,
    "9": 0,
    "10": 0,
    "11": 0,
    "12": 0,
    "13": 0,
    "14": 0,
    "15": 0,
    "16": 0,
    "17": 0,
    "18": 0,
    "19": 0,
    "20": 0,
    "21": 0,
    "22": 0,
    "23": 0,
    "24": 0,
    "25": 0,
    "26": 0,
    "27": 0,
    "28": 0,
    "29": 0,
    "30": 0,
    "31": 0,
    "32": 0,
    "33": 0,
    "34": 0,
    "35": 0,
    "36": 0,
    "37": 0,
    "38": 0,
    "39": 0,
    "40": 0,
    "41": 0,
    "42": 0,
    "43": 0,
    "44": 0,
    "45": 0,
    "46": 0,
    "47": 0.026448029621793177,
    "48": 0,
    "49": 0.10579211848717271,
    "50": 0,
    "51": 0,
    "52": 0,
    "53": 0.052896059243586355,
    "54": 0,
    "55": 0.10579211848717271,
    "56": 0,
    "57": 0,
    "58": 0,
    "59": 0,
    "60": 0.026448029621793177,
    "61": 0,
    "62": 0.026448029621793177,
    "63": 0,
    "64": 0,
    "65": 0,
    "66": 0.026448029621793177,
    "67": 0.026448029621793177,
    "68": 0,
    "69": 0,
    "70": 0.10579211848717271,
    "71": 0.052896059243586355,
    "72": 0.5554086220576567,
    "73": 0.34382438508331126,
    "74": 0.07934408886537953,
    "75": 0.26448029621793173,
    "76": 0.34382438508331126,
    "77": 0.5025125628140703,
    "78": 2.142290399365247,
    "79": 44.37979370536895,
    "80": 0.18513620735255223,
    "81": 0.26448029621793173,
    "83": 0,
    "84": 0,
    "85": 0
  },
  "safari": {
    "4": 0,
    "5": 0,
    "6": 0,
    "7": 0,
    "8": 0,
    "9": 0.026448029621793177,
    "10": 0.5289605924358635,
    "11": 0,
    "12": 0.15868817773075905,
    "13": 5.395398042845808,
    "3.1": 0,
    "3.2": 0,
    "5.1": 0,
    "6.1": 0,
    "7.1": 0,
    "9.1": 0,
    "10.1": 0.026448029621793177,
    "11.1": 0,
    "12.1": 0.34382438508331126,
    "13.1": 0,
    "TP": 0
  },
  "opera": {
    "9": 0,
    "11": 0,
    "12": 0,
    "15": 0,
    "16": 0,
    "17": 0,
    "18": 0,
    "19": 0,
    "20": 0,
    "21": 0,
    "22": 0,
    "23": 0,
    "24": 0,
    "25": 0,
    "26": 0,
    "27": 0,
    "28": 0,
    "29": 0,
    "30": 0,
    "31": 0,
    "32": 0,
    "33": 0,
    "34": 0,
    "35": 0,
    "36": 0,
    "37": 0,
    "38": 0,
    "39": 0,
    "40": 0,
    "41": 0,
    "42": 0,
    "43": 0,
    "44": 0,
    "45": 0,
    "46": 0,
    "47": 0,
    "48": 0,
    "49": 0,
    "50": 0,
    "51": 0,
    "52": 0,
    "53": 0,
    "54": 0,
    "55": 0,
    "56": 0,
    "57": 0,
    "58": 0,
    "60": 0,
    "62": 0,
    "63": 0,
    "64": 0.052896059243586355,
    "65": 0.449616503570484,
    "66": 0.052896059243586355,
    "9.5-9.6": 0,
    "10.0-10.1": 0,
    "10.5": 0,
    "10.6": 0,
    "11.1": 0,
    "11.5": 0,
    "11.6": 0,
    "12.1": 0
  },
  "ios_saf": {
    "8": 0,
    "3.2": 0,
    "4.0-4.1": 0,
    "4.2-4.3": 0,
    "5.0-5.1": 0,
    "6.0-6.1": 0,
    "7.0-7.1": 0.026448029621793177,
    "8.1-8.4": 0,
    "9.0-9.2": 0,
    "9.3": 0.15868817773075905,
    "10.0-10.2": 0,
    "10.3": 0.13224014810896587,
    "11.0-11.2": 0.026448029621793177,
    "11.3-11.4": 0.052896059243586355,
    "12.0-12.1": 0.052896059243586355,
    "12.2-12.4": 1.2430573922242794,
    "13.0-13.1": 0.42316847394869084,
    "13.2": 0.23803226659613858,
    "13.3": 4.734197302300978,
    "13.4": 0
  },
  "op_mini": {
    "all": 0
  },
  "android": {
    "3": 0,
    "4": 0,
    "80": 0.29092832583972494,
    "2.1": 0,
    "2.2": 0,
    "2.3": 0,
    "4.1": 0,
    "4.2-4.3": 0,
    "4.4": 0,
    "4.4.3-4.4.4": 0
  },
  "bb": {
    "7": 0,
    "10": 0
  },
  "op_mob": {
    "10": 0,
    "11": 0,
    "12": 0,
    "46": 0,
    "11.1": 0,
    "11.5": 0,
    "12.1": 0
  },
  "and_chr": {
    "80": 16.027505950806663
  },
  "and_ff": {
    "68": 1.322401481089659
  },
  "ie_mob": {
    "10": 0,
    "11": 0
  },
  "and_uc": {
    "12.12": 0
  },
  "samsung": {
    "4": 0,
    "5.0-5.4": 0,
    "6.2-6.4": 0,
    "7.2-7.4": 0,
    "8.2": 0,
    "9.2": 0,
    "10.1": 0,
    "11.1": 0
  },
  "and_qq": {
    "1.2": 0
  },
  "baidu": {
    "7.12": 0
  },
  "kaios": {
    "2.5": 0
  }
}