{
  "ie": {
    "6": 0,
    "7": 0,
    "8": 0.14448547118317548,
    "9": 0.016053941242575052,
    "10": 0,
    "11": 0.5137261197624017,
    "5.5": 0
  },
  "edge": {
    "12": 0,
    "13": 0,
    "14": 0.04816182372772516,
    "15": 0.04816182372772516,
    "16": 0.4013485310643763,
    "17": 0.1605394124257505,
    "18": 0
  },
  "firefox": {
    "2": 0,
    "3": 0,
    "4": 0,
    "5": 0,
    "6": 0,
    "7": 0,
    "8": 0,
    "9": 0,
    "10": 0,
    "11": 0,
    "12": 0,
    "13": 0,
    "14": 0,
    "15": 0,
    "16": 0,
    "17": 0.016053941242575052,
    "18": 0,
    "19": 0,
    "20": 0,
    "21": 0,
    "22": 0,
    "23": 0,
    "24": 0,
    "25": 0,
    "26": 0.016053941242575052,
    "27": 0,
    "28": 0,
    "29": 0,
    "30": 0,
    "31": 0,
    "32": 0,
    "33": 0,
    "34": 0,
    "35": 0,
    "36": 0,
    "37": 0,
    "38": 0.016053941242575052,
    "39": 0,
    "40": 0,
    "41": 0,
    "42": 0,
    "43": 0,
    "44": 0,
    "45": 0.09632364745545031,
    "46": 0,
    "47": 0,
    "48": 0.12843152994060042,
    "49": 0,
    "50": 0.016053941242575052,
    "51": 0,
    "52": 1.1398298282228287,
    "53": 0.016053941242575052,
    "54": 0.016053941242575052,
    "55": 0,
    "56": 0.12843152994060042,
    "57": 0.20870123615347566,
    "58": 0.17659335366832557,
    "59": 4.527211430406164,
    "60": 5.169369080109167,
    "61": 1.3003692406485792,
    "62": 0.12843152994060042,
    "63": 0.09632364745545031,
    "3.5": 0,
    "3.6": 0
  },
  "chrome": {
    "4": 0,
    "5": 0,
    "6": 0,
    "7": 0,
    "8": 0,
    "9": 0,
    "10": 0,
    "11": 0,
    "12": 0,
    "13": 0,
    "14": 0,
    "15": 0,
    "16": 0,
    "17": 0,
    "18": 0,
    "19": 0,
    "20": 0,
    "21": 0,
    "22": 0,
    "23": 0,
    "24": 0,
    "25": 0,
    "26": 0,
    "27": 0.016053941242575052,
    "28": 0,
    "29": 0,
    "30": 0,
    "31": 0,
    "32": 0,
    "33": 0,
    "34": 0.032107882485150105,
    "35": 0,
    "36": 0,
    "37": 0,
    "38": 0,
    "39": 0,
    "40": 0.032107882485150105,
    "41": 0,
    "42": 0,
    "43": 0,
    "44": 0,
    "45": 0.016053941242575052,
    "46": 0.016053941242575052,
    "47": 0.016053941242575052,
    "48": 0.14448547118317548,
    "49": 0.04816182372772516,
    "50": 0.016053941242575052,
    "51": 0.06421576497030021,
    "52": 0.8026970621287526,
    "53": 0.11237758869802536,
    "54": 0.016053941242575052,
    "55": 0.032107882485150105,
    "56": 0.11237758869802536,
    "57": 0.11237758869802536,
    "58": 0.06421576497030021,
    "59": 0.032107882485150105,
    "60": 0.20870123615347566,
    "61": 0.09632364745545031,
    "62": 0.35318670733665114,
    "63": 0.5137261197624017,
    "64": 1.0595601220099533,
    "65": 8.444373093594477,
    "66": 22.925028094397174,
    "67": 17.274040777010757,
    "68": 0.35318670733665114,
    "69": 0.14448547118317548,
    "70": 0
  },
  "safari": {
    "4": 0,
    "5": 0,
    "6": 0,
    "7": 0,
    "8": 0,
    "9": 0.08026970621287526,
    "10": 0,
    "11": 0.4013485310643763,
    "12": 0.016053941242575052,
    "3.1": 0,
    "3.2": 0,
    "5.1": 0,
    "6.1": 0,
    "7.1": 0,
    "9.1": 0.04816182372772516,
    "10.1": 0.1605394124257505,
    "11.1": 2.5365227163268584,
    "TP": 0
  },
  "opera": {
    "9": 0,
    "11": 0,
    "12": 0,
    "15": 0,
    "16": 0,
    "17": 0,
    "18": 0,
    "19": 0,
    "20": 0,
    "21": 0,
    "22": 0,
    "23": 0,
    "24": 0,
    "25": 0,
    "26": 0,
    "27": 0,
    "28": 0,
    "29": 0,
    "30": 0,
    "31": 0,
    "32": 0,
    "33": 0,
    "34": 0,
    "35": 0,
    "36": 0,
    "37": 0,
    "38": 0,
    "39": 0,
    "40": 0,
    "41": 0,
    "42": 0,
    "43": 0,
    "44": 0,
    "45": 0,
    "46": 0,
    "47": 0,
    "48": 0.016053941242575052,
    "49": 0,
    "50": 0,
    "51": 0.032107882485150105,
    "52": 0.5779418847327019,
    "53": 0.6582115909455771,
    "9.5-9.6": 0,
    "10.0-10.1": 0,
    "10.5": 0,
    "10.6": 0,
    "11.1": 0,
    "11.5": 0,
    "11.6": 0,
    "12.1": 0
  },
  "ios_saf": {
    "8": 0,
    "12": 0,
    "3.2": 0,
    "4.0-4.1": 0,
    "4.2-4.3": 0,
    "5.0-5.1": 0,
    "6.0-6.1": 0,
    "7.0-7.1": 0.04816182372772516,
    "8.1-8.4": 0.016053941242575052,
    "9.0-9.2": 0.04816182372772516,
    "9.3": 0.44951035479210144,
    "10.0-10.2": 0.12843152994060042,
    "10.3": 1.4609086530743296,
    "11.0-11.2": 2.2796596564456575,
    "11.3-11.4": 4.73591266655964
  },
  "op_mini": {
    "all": 0.1605394124257505
  },
  "android": {
    "3": 0,
    "4": 0,
    "67": 0.17659335366832557,
    "2.1": 0,
    "2.2": 0,
    "2.3": 0,
    "4.1": 0,
    "4.2-4.3": 0,
    "4.4": 0.016053941242575052,
    "4.4.3-4.4.4": 0
  },
  "bb": {
    "7": 0,
    "10": 0
  },
  "op_mob": {
    "10": 0,
    "11": 0,
    "12": 0,
    "46": 0,
    "11.1": 0,
    "11.5": 0,
    "12.1": 0
  },
  "and_chr": {
    "67": 13.485310643763043
  },
  "and_ff": {
    "60": 3.917161663188313
  },
  "ie_mob": {
    "10": 0,
    "11": 0
  },
  "and_uc": {
    "11.8": 0
  },
  "samsung": {
    "4": 0,
    "5": 0,
    "6.2": 0,
    "7.2": 0
  },
  "and_qq": {
    "1.2": 0
  },
  "baidu": {
    "7.12": 0
  }
}